tweet_id,rating_numerator,rating_denominator,likes,retweets,dog_stage,jpg_url,number_of_images,#1_prediction,#1_prediction_confidence,is_#1_prediction_a_dog?,#2_prediction,#2_prediction_confidence,is_#2_prediction_a_dog?,#3_prediction,#3_prediction_confidence,is_#3_prediction_a_dog?
890240255349198849,14,10,32467,7711,doggo,https://pbs.twimg.com/media/DFrEyVuW0AAO3t9.jpg,1,Pembroke,0.511319,True,Cardigan,0.451038,True,Chihuahua,0.0292482,True
889665388333682689,13,10,38818,8538,puppo,https://pbs.twimg.com/media/DFi579UWsAAatzw.jpg,1,Pembroke,0.966327,True,Cardigan,0.0273557,True,basenji,0.00463323,True
889531135344209921,13,10,15359,2321,puppo,https://pbs.twimg.com/media/DFg_2PVW0AEHN3p.jpg,1,golden_retriever,0.953442,True,Labrador_retriever,0.0138341,True,redbone,0.00795775,True
886366144734445568,12,10,21524,3316,pupper,https://pbs.twimg.com/media/DE0BTnQUwAApKEH.jpg,1,French_bulldog,0.999201,True,Chihuahua,0.000361178,True,Boston_bull,7.55616e-05,True
884162670584377345,12,10,20771,3128,doggo,https://pbs.twimg.com/media/DEUtQbzW0AUTv_o.jpg,1,German_shepherd,0.707046,True,malinois,0.199396,True,Norwegian_elkhound,0.0491476,True
883360690899218434,13,10,22986,3825,floofer,https://pbs.twimg.com/media/DEJT3FeXoAAtwUy.jpg,1,chow,0.987997,True,Tibetan_mastiff,0.00709872,True,Newfoundland,0.00214033,True
882762694511734784,12,10,28903,5134,pupper,https://pbs.twimg.com/media/DEAz_HHXsAA-p_z.jpg,1,Labrador_retriever,0.85005,True,Chesapeake_Bay_retriever,0.074257,True,flat-coated_retriever,0.015579399999999997,True
878776093423087618,13,10,19763,4319,puppo,https://pbs.twimg.com/media/DDIKMXzW0AEibje.jpg,2,Italian_greyhound,0.734684,True,whippet,0.15048699999999998,True,Ibizan_hound,0.0397246,True
876838120628539392,12,10,21125,3506,pupper,https://pbs.twimg.com/media/DCsnnZsVwAEfkyi.jpg,1,bloodhound,0.575751,True,redbone,0.24097,True,Tibetan_mastiff,0.08893480000000001,True
874296783580663808,13,10,26651,4308,pupper,https://pbs.twimg.com/media/DCIgSR0XgAANEOY.jpg,1,cocker_spaniel,0.437216,True,miniature_poodle,0.277191,True,toy_poodle,0.157402,True
874012996292530176,13,10,35501,11007,puppo,https://pbs.twimg.com/media/DCEeLxjXsAAvNSM.jpg,2,Cardigan,0.806674,True,Pembroke,0.116622,True,kelpie,0.0491819,True
873213775632977920,12,10,7467,1667,pupper,https://pbs.twimg.com/media/DB5HTBGXUAE0TiK.jpg,1,vizsla,0.6197819999999999,True,bloodhound,0.338069,True,Chesapeake_Bay_retriever,0.0126763,True
872967104147763200,12,10,28031,5669,doggo,https://pbs.twimg.com/media/DB1m871XUAAw5vZ.jpg,2,Labrador_retriever,0.476913,True,Chesapeake_Bay_retriever,0.174145,True,German_short-haired_pointer,0.0928614,True
871762521631449091,12,10,20787,3678,pupper,https://pbs.twimg.com/media/DBkfY58XcAEdzZy.jpg,2,Labrador_retriever,0.921393,True,golden_retriever,0.064608,True,bloodhound,0.00338337,True
871515927908634625,12,10,20730,3628,doggo,https://pbs.twimg.com/media/DBg_HT9WAAEeIMM.jpg,2,komondor,0.974781,True,briard,0.0200413,True,swab,0.00322824,False
869596645499047938,12,10,16476,3327,doggo,https://pbs.twimg.com/media/DBFtiYqWAAAsjj1.jpg,1,Chihuahua,0.955156,True,toy_terrier,0.00805373,True,muzzle,0.00629563,False
867421006826221569,12,10,16755,2697,puppo,https://pbs.twimg.com/media/DAmyy8FXYAIH8Ty.jpg,1,Eskimo_dog,0.6164569999999999,True,Siberian_husky,0.38133,True,malamute,0.00167022,True
866450705531457537,13,10,106827,32883,pupper,https://pbs.twimg.com/media/DAZAUfBXcAAG_Nn.jpg,2,French_bulldog,0.905334,True,Boston_bull,0.0780597,True,pug,0.00177092,True
859607811541651456,13,10,19476,1704,puppo,https://pbs.twimg.com/media/C-3wvtxXcAUTuBE.jpg,1,golden_retriever,0.8955290000000001,True,Irish_setter,0.0240993,True,Labrador_retriever,0.0192854,True
858843525470990336,13,10,16304,3771,doggo,https://pbs.twimg.com/media/C-s5oYZXkAAMHHq.jpg,1,golden_retriever,0.57812,True,Labrador_retriever,0.286059,True,bloodhound,0.0269173,True
854120357044912130,14,10,33911,8285,pupper,https://pbs.twimg.com/media/C9px7jyVwAAnmwN.jpg,4,black-and-tan_coonhound,0.8548610000000001,True,Doberman,0.0507918,True,bluetick,0.0217617,True
850019790995546112,12,10,21944,5459,pupper,https://pbs.twimg.com/media/C8vgfTsXgAA561h.jpg,3,Shetland_sheepdog,0.759907,True,collie,0.107405,True,Pembroke,0.052335300000000015,True
846514051647705089,13,10,48410,13076,doggo,https://pbs.twimg.com/media/C79sB4xXwAEvwKY.jpg,2,golden_retriever,0.650003,True,Leonberg,0.0651992,True,Norfolk_terrier,0.0529553,True
845397057150107648,13,10,8241,2072,doggo,https://pbs.twimg.com/media/C7t0IzLWkAINoft.jpg,1,Dandie_Dinmont,0.394404,True,Maltese_dog,0.186537,True,West_Highland_white_terrier,0.181985,True
837820167694528512,12,10,37277,8952,pupper,https://pbs.twimg.com/media/C6CI_jbVAAA3-a1.jpg,1,golden_retriever,0.887625,True,Labrador_retriever,0.0687175,True,kuvasz,0.0303868,True
837110210464448512,13,10,17480,2731,pupper,https://pbs.twimg.com/media/C54DS1kXQAEU5pS.jpg,1,Siberian_husky,0.767696,True,Eskimo_dog,0.217079,True,malamute,0.0116568,True
833124694597443584,12,10,22133,5513,pupper,https://pbs.twimg.com/media/C4_ad1IUoAEspsk.jpg,3,Cardigan,0.7105229999999999,True,kelpie,0.106102,True,shopping_cart,0.0554755,False
832998151111966721,13,10,14549,2522,doggo,https://pbs.twimg.com/media/C49nZavUYAEJjGw.jpg,1,boxer,0.539036,True,French_bulldog,0.317617,True,bull_mastiff,0.0939285,True
832273440279240704,14,10,12385,2673,doggo,https://pbs.twimg.com/ext_tw_video_thumb/832273373149413377/pu/img/qOqxM0b48fEarmq6.jpg,1,Pembroke,0.134081,True,ice_bear,0.0519278,False,pug,0.0443109,True
832032802820481025,12,10,13887,4746,doggo,https://pbs.twimg.com/media/C4v5a4UWcAIRygc.jpg,1,whippet,0.601712,True,Ibizan_hound,0.152662,True,Italian_greyhound,0.135055,True
831939777352105988,12,10,26404,7031,doggo,https://pbs.twimg.com/media/C4uk0EWWQAAaZm1.jpg,1,Pomeranian,0.153862,True,marmot,0.0912339,False,grey_fox,0.0906441,False
831322785565769729,12,10,10042,1744,doggo,https://pbs.twimg.com/media/C4lzqQ4UEAApzU0.jpg,1,Old_English_sheepdog,0.999715,True,Tibetan_terrier,4.62967e-05,True,guinea_pig,4.118430000000001e-05,False
829449946868879360,11,10,11519,2329,doggo,https://pbs.twimg.com/media/C4LMUf8WYAkWz4I.jpg,1,Labrador_retriever,0.315163,True,golden_retriever,0.15321,True,Pekinese,0.13279100000000002,True
829374341691346946,13,10,38074,10706,doggo,https://pbs.twimg.com/media/C4KHj-nWQAA3poV.jpg,1,Staffordshire_bullterrier,0.757547,True,American_Staffordshire_terrier,0.14995,True,Chesapeake_Bay_retriever,0.0475227,True
827933404142436356,12,10,22180,5987,pupper,https://pbs.twimg.com/media/C31pCN4UcAAOLNH.jpg,2,German_shepherd,0.8061149999999999,True,Tibetan_mastiff,0.104831,True,kelpie,0.0381482,True
826958653328592898,12,10,23767,5757,doggo,https://pbs.twimg.com/media/C3nygbBWQAAjwcW.jpg,1,golden_retriever,0.6173890000000001,True,Labrador_retriever,0.33705300000000005,True,tennis_ball,0.00855442,False
826848821049180160,13,10,40325,11878,doggo,https://pbs.twimg.com/media/C3mOnZ_XUAAjr2V.jpg,4,Great_Pyrenees,0.858764,True,golden_retriever,0.0235257,True,Pekinese,0.017103900000000002,True
826476773533745153,12,10,20275,4821,doggo,https://pbs.twimg.com/media/C3g8M0lWIAEcFgn.jpg,1,German_shepherd,0.7418600000000001,True,Tibetan_mastiff,0.122812,True,kelpie,0.10046,True
826204788643753985,13,10,5361,1075,doggo,https://pbs.twimg.com/media/C3dEza1WcAAhlNU.jpg,2,Labrador_retriever,0.782058,True,golden_retriever,0.156581,True,soft-coated_wheaten_terrier,0.00727512,True
825535076884762624,14,10,56413,19669,puppo,https://pbs.twimg.com/media/C3TjvitXAAAI-QH.jpg,1,Rottweiler,0.681495,True,Tibetan_mastiff,0.14794000000000002,True,black-and-tan_coonhound,0.0245252,True
825026590719483904,12,10,7020,1483,puppo,https://pbs.twimg.com/media/C3MVTeHWcAAGNfx.jpg,2,Eskimo_dog,0.524454,True,Siberian_husky,0.467678,True,malamute,0.00497584,True
824325613288833024,13,10,12999,11848,pupper,https://pbs.twimg.com/media/C3CXxaoWQAAiLuC.jpg,1,Pembroke,0.990793,True,Cardigan,0.00891939,True,basenji,0.000262264,True
822872901745569793,13,10,132810,48265,puppo,https://pbs.twimg.com/media/C2tugXLXgAArJO4.jpg,1,Lakeland_terrier,0.196015,True,Labrador_retriever,0.160329,True,Irish_terrier,0.0691262,True
822462944365645825,14,10,31800,17209,pupper,https://pbs.twimg.com/media/C2n5rUUXEAIXAtv.jpg,3,Pomeranian,0.960199,True,Samoyed,0.0230563,True,Maltese_dog,0.00894488,True
821765923262631936,13,10,9317,1899,doggo,https://pbs.twimg.com/media/C2d_vnHWEAE9phX.jpg,1,golden_retriever,0.980071,True,Labrador_retriever,0.00875751,True,Saluki,0.00180595,True
821407182352777218,14,10,13075,5053,doggo,https://pbs.twimg.com/ext_tw_video_thumb/821407155391725568/pu/img/AJC07gFJDDBuwNTD.jpg,1,Irish_setter,0.5054960000000001,True,vizsla,0.168747,True,Chesapeake_Bay_retriever,0.111311,True
821107785811234820,11,10,10645,2487,doggo,https://pbs.twimg.com/media/C2UpLA-UcAEK_Fz.jpg,1,Pomeranian,0.85659,True,papillon,0.0385365,True,Yorkshire_terrier,0.0331458,True
819952236453363712,13,10,5927,1369,puppo,https://pbs.twimg.com/media/C2EONHNWQAUWxkP.jpg,1,American_Staffordshire_terrier,0.925505,True,Staffordshire_bullterrier,0.0362215,True,Italian_greyhound,0.020411900000000004,True
819924195358416896,11,10,14305,5607,doggo,https://pbs.twimg.com/ext_tw_video_thumb/819924138965999617/pu/img/6OIToyT9eLESHXLU.jpg,1,bathtub,0.100896,False,shower_curtain,0.0918664,False,tub,0.049176300000000006,False
819004803107983360,14,10,95450,42228,doggo,https://pbs.twimg.com/media/C12whDoVEAALRxa.jpg,1,standard_poodle,0.351308,True,toy_poodle,0.271929,True,Tibetan_terrier,0.0947592,True
814986499976527872,11,10,8485,1505,pupper,https://pbs.twimg.com/media/C09p5dJWIAE5qKL.jpg,1,dalmatian,0.999828,True,boxer,6.78061e-05,True,American_Staffordshire_terrier,3.42436e-05,True
813910438903693312,11,10,10342,2194,doggo,https://pbs.twimg.com/media/C0uXObSXUAAIzmV.jpg,1,Siberian_husky,0.6993550000000001,True,Eskimo_dog,0.256433,True,Norwegian_elkhound,0.0131888,True
813202720496779264,11,10,10192,2090,doggo,https://pbs.twimg.com/media/C0kTjqIXgAAqpRi.jpg,1,cocker_spaniel,0.701852,True,golden_retriever,0.120345,True,Labrador_retriever,0.0363202,True
813127251579564032,11,10,13242,3652,doggo,https://pbs.twimg.com/media/C0jO6aBWEAAM28r.jpg,1,Norwegian_elkhound,0.432416,True,whippet,0.374223,True,Siberian_husky,0.032462599999999994,True
813096984823349248,11,10,11694,4207,doggo,https://pbs.twimg.com/media/C0izZULWgAAKD-F.jpg,1,Great_Dane,0.128056,True,Boston_bull,0.117003,True,kelpie,0.08696430000000001,True
811386762094317568,11,10,23302,7444,pupper,https://pbs.twimg.com/media/C0Kf9PtWQAEW4sE.jpg,1,Pembroke,0.804177,True,Cardigan,0.18989,True,beagle,0.00196475,True
808733504066486276,12,10,8784,2509,pupper,https://pbs.twimg.com/media/Czky0v9VIAEXRkd.jpg,1,seat_belt,0.779137,False,toy_poodle,0.0369271,True,golden_retriever,0.016972499999999998,True
807621403335917568,14,10,16236,4288,pupper,https://pbs.twimg.com/media/CzU_YVGUUAA3Xsd.jpg,3,golden_retriever,0.873233,True,cocker_spaniel,0.0336933,True,chow,0.0204084,True
803773340896923648,12,10,11203,3220,puppo,https://pbs.twimg.com/media/CyeTku-XcAALkBd.jpg,2,miniature_pinscher,0.817066,True,redbone,0.0597065,True,Irish_terrier,0.0341952,True
803638050916102144,13,10,12270,4828,pupper,https://pbs.twimg.com/ext_tw_video_thumb/803638023904559104/pu/img/vxm0Htm5iIV7EOAQ.jpg,1,Labrador_retriever,0.372776,True,golden_retriever,0.343666,True,Great_Pyrenees,0.0672423,True
802239329049477120,12,10,10132,3040,puppo,https://pbs.twimg.com/media/CyIgaTEVEAA-9zS.jpg,2,Eskimo_dog,0.482498,True,Siberian_husky,0.335774,True,malamute,0.134589,True
800459316964663297,12,10,10538,2489,pupper,https://pbs.twimg.com/media/CxvNfrhWQAA2hKM.jpg,1,teddy,0.31192800000000004,False,ice_bear,0.184657,False,Christmas_stocking,0.173229,False
800388270626521089,12,10,12456,3265,floofer,https://pbs.twimg.com/media/CxuM3oZW8AEhO5z.jpg,2,golden_retriever,0.35986,True,Pembroke,0.194207,True,collie,0.154603,True
799757965289017345,13,10,9390,2506,doggo,https://pbs.twimg.com/media/CxlPnoSUcAEXf1i.jpg,1,Border_collie,0.442534,True,collie,0.288684,True,Shetland_sheepdog,0.196399,True
797971864723324932,12,10,13018,3652,pupper,https://pbs.twimg.com/media/CxL3IWeVEAAAIE2.jpg,1,American_Staffordshire_terrier,0.489845,True,Chihuahua,0.30576,True,Staffordshire_bullterrier,0.0727991,True
796484825502875648,12,10,8472,2042,doggo,https://pbs.twimg.com/media/Cw2uty8VQAAB0pL.jpg,1,cocker_spaniel,0.116924,True,seat_belt,0.107511,False,Australian_terrier,0.0998434,True
795464331001561088,13,10,55683,27728,doggo,https://pbs.twimg.com/ext_tw_video_thumb/795464066940764160/pu/img/jPkMMQXdydb7CqFX.jpg,1,golden_retriever,0.193082,True,Chesapeake_Bay_retriever,0.157927,True,soft-coated_wheaten_terrier,0.124684,True
793195938047070209,12,10,17063,6547,puppo,https://pbs.twimg.com/media/CwH_foYWgAEvTyI.jpg,2,Labrador_retriever,0.654762,True,golden_retriever,0.0741,True,Chihuahua,0.0423393,True
787717603741622272,13,10,11416,3240,puppo,https://pbs.twimg.com/media/Cu6I9vvWIAAZG0a.jpg,3,German_shepherd,0.992339,True,malinois,0.00492039,True,kelpie,0.0008528019999999999,True
786363235746385920,13,10,12189,4072,doggo,https://pbs.twimg.com/media/Cum5LlfWAAAyPcS.jpg,1,golden_retriever,0.929266,True,Labrador_retriever,0.0628667,True,Saluki,0.00215669,True
782305867769217024,12,10,18630,6470,doggo,https://pbs.twimg.com/media/CttPBt0WIAAcsDE.jpg,1,briard,0.5044270000000001,True,soft-coated_wheaten_terrier,0.390678,True,Lhasa,0.0345955,True
778039087836069888,12,10,9417,3065,pupper,https://pbs.twimg.com/media/CswmaHmWAAAbdY9.jpg,2,German_shepherd,0.717776,True,malinois,0.111175,True,Norwegian_elkhound,0.0588024,True
776218204058357768,13,10,33345,18497,floofer,https://pbs.twimg.com/media/CsWuVEdWcAAqbe9.jpg,1,Samoyed,0.940326,True,Pomeranian,0.055527199999999985,True,keeshond,0.00222635,True
775364825476165632,11,10,8295,3472,doggo,https://pbs.twimg.com/media/CsKmMB2WAAAXcAy.jpg,3,beagle,0.571229,True,Chihuahua,0.175257,True,Pembroke,0.034306300000000005,True
773547596996571136,11,10,24553,7126,pupper,https://pbs.twimg.com/media/Crwxb5yWgAAX5P_.jpg,1,Norwegian_elkhound,0.372202,True,Chesapeake_Bay_retriever,0.13718699999999998,True,malamute,0.07143619999999999,True
772193107915964416,12,10,6665,1612,pupper,https://pbs.twimg.com/media/Crdhh_1XEAAHKHi.jpg,1,Pembroke,0.367945,True,Chihuahua,0.223522,True,Pekinese,0.164871,True
765371061932261376,11,10,7842,2475,pupper,https://pbs.twimg.com/media/Cp8k6oRWcAUL78U.jpg,2,golden_retriever,0.829456,True,Labrador_retriever,0.08937089999999999,True,kuvasz,0.0170275,True
760893934457552897,11,10,4228,1104,doggo,https://pbs.twimg.com/media/Co88_ujWEAErCg7.jpg,1,Blenheim_spaniel,0.113992,True,cocker_spaniel,0.10578,True,borzoi,0.0739345,True
758828659922702336,13,10,12376,4376,doggo,https://pbs.twimg.com/media/Cofmom_VUAA4dRO.jpg,1,Chesapeake_Bay_retriever,0.480048,True,vizsla,0.264522,True,Weimaraner,0.12184,True
757393109802180609,10,10,6462,2009,doggo,https://pbs.twimg.com/media/CoLNAq6WAAAkmdJ.jpg,2,Labrador_retriever,0.787125,True,Chesapeake_Bay_retriever,0.112676,True,Rottweiler,0.0480386,True
756939218950160384,12,10,7342,2295,pupper,https://pbs.twimg.com/media/CoEwMXeWEAAaIz5.jpg,1,golden_retriever,0.790371,True,cocker_spaniel,0.130268,True,Labrador_retriever,0.0646287,True
756275833623502848,10,10,7114,1738,puppo,https://pbs.twimg.com/media/Cn7U2xlW8AI9Pqp.jpg,1,Airedale,0.602957,True,Irish_terrier,0.0869808,True,bloodhound,0.08627649999999999,True
755955933503782912,12,10,8092,3285,pupper,https://pbs.twimg.com/ext_tw_video_thumb/755955658164465664/pu/img/YcjfthN7C3z61GUj.jpg,1,Pekinese,0.596882,True,Maltese_dog,0.176478,True,Great_Pyrenees,0.0267753,True
752682090207055872,10,10,6642,1846,doggo,https://pbs.twimg.com/media/CnIQXdYWgAAnsZZ.jpg,2,German_shepherd,0.299966,True,Eskimo_dog,0.278355,True,Siberian_husky,0.17852,True
752660715232722944,10,10,4878,1794,doggo,https://pbs.twimg.com/media/CnH87L6XYAAF7I_.jpg,2,goose,0.339324,False,English_setter,0.0505118,True,basset,0.049093300000000006,True
752519690950500352,11,10,8157,3917,puppo,https://pbs.twimg.com/media/CnF8qVDWYAAh0g1.jpg,3,swing,0.999984,False,Labrador_retriever,1.00288e-05,True,Eskimo_dog,1.43447e-06,True
751456908746354688,12,10,3516,1127,pupper,https://pbs.twimg.com/ext_tw_video_thumb/751456786360725504/pu/img/hWqfIQ29A0cBv6f_.jpg,1,golden_retriever,0.714409,True,Afghan_hound,0.06616260000000003,True,chow,0.0284126,True
751132876104687617,10,10,5610,1480,puppo,https://pbs.twimg.com/media/CmyPXNOW8AEtaJ-.jpg,1,Labrador_retriever,0.92939,True,Chesapeake_Bay_retriever,0.0382535,True,golden_retriever,0.0076102,True
750868782890057730,11,10,5306,1595,pupper,https://pbs.twimg.com/media/CmufLLsXYAAsU0r.jpg,4,toy_poodle,0.912648,True,miniature_poodle,0.0350592,True,seat_belt,0.0263756,False
750383411068534784,9,10,5005,1309,pupper,https://pbs.twimg.com/media/CmnluwbXEAAqnkw.jpg,1,Border_collie,0.672791,True,collie,0.270188,True,papillon,0.0345039,True
750071704093859840,10,10,8653,3802,pupper,https://pbs.twimg.com/media/CmjKOzVWcAAQN6w.jpg,2,redbone,0.382113,True,malinois,0.249943,True,miniature_pinscher,0.0709262,True
749417653287129088,11,10,6721,1904,pupper,https://pbs.twimg.com/media/CmZ3YH9WEAAowi3.jpg,2,papillon,0.772894,True,Shetland_sheepdog,0.0424076,True,collie,0.0423131,True
748932637671223296,13,10,6461,2564,doggo,https://pbs.twimg.com/media/CmS-QkQWAAAkUa-.jpg,1,borzoi,0.742912,True,wire-haired_fox_terrier,0.204082,True,English_setter,0.0210323,True
747963614829678593,10,10,6397,2444,pupper,https://pbs.twimg.com/media/CmFM7ngXEAEitfh.jpg,1,kelpie,0.307672,True,Irish_terrier,0.197486,True,dingo,0.105475,False
744995568523612160,9,10,3277,716,puppo,https://pbs.twimg.com/media/ClbBg4WWEAMjwJu.jpg,1,Old_English_sheepdog,0.4274810000000001,True,Shih-Tzu,0.146336,True,Tibetan_terrier,0.134269,True
744234799360020481,13,10,131075,79515,doggo,https://pbs.twimg.com/ext_tw_video_thumb/744234667679821824/pu/img/1GaWmtJtdqzZV7jy.jpg,1,Labrador_retriever,0.825333,True,ice_bear,0.044680800000000014,False,whippet,0.0184422,True
743253157753532416,10,10,4624,1366,puppo,https://pbs.twimg.com/media/ClCQzFUUYAA5vAu.jpg,1,malamute,0.442612,True,Siberian_husky,0.368137,True,Eskimo_dog,0.177822,True
743222593470234624,12,10,6792,2164,pupper,https://pbs.twimg.com/media/ClB09z0WYAAA1jz.jpg,1,kuvasz,0.350629,True,soft-coated_wheaten_terrier,0.182782,True,golden_retriever,0.08766239999999999,True
742150209887731712,8,10,5661,1783,pupper,https://pbs.twimg.com/media/CkylrVWWsAAiXJE.jpg,1,Siamese_cat,0.112413,False,French_bulldog,0.07141439999999999,True,hog,0.0624654,False
741743634094141440,11,10,8945,3144,pupper,https://pbs.twimg.com/media/Cksz42EW0AAh2NF.jpg,1,Labrador_retriever,0.786089,True,flat-coated_retriever,0.0486524,True,Chesapeake_Bay_retriever,0.0346933,True
740676976021798912,11,10,19881,7724,pupper,https://pbs.twimg.com/media/Ckdpx5KWsAANF6b.jpg,1,wombat,0.462952,False,Norwegian_elkhound,0.275225,True,Siamese_cat,0.0435593,False
739606147276148736,9,10,5897,1876,pupper,https://pbs.twimg.com/media/CkOb3FXW0AAUL_U.jpg,3,Blenheim_spaniel,0.933755,True,cocker_spaniel,0.0417194,True,Brittany_spaniel,0.00671256,True
739238157791694849,13,10,75163,52360,doggo,https://pbs.twimg.com/ext_tw_video_thumb/739238016737267712/pu/img/-tLpyiuIzD5zR1et.jpg,1,Eskimo_dog,0.503372,True,Siberian_husky,0.390413,True,malamute,0.08090119999999999,True
737445876994609152,13,10,11302,5048,floofer,https://pbs.twimg.com/media/CjvvHBwUoAE55WZ.jpg,1,Samoyed,0.400568,True,Pomeranian,0.331268,True,Maltese_dog,0.0454261,True
735648611367784448,12,10,4397,1237,pupper,https://pbs.twimg.com/media/CjWMezdW0AErwU3.jpg,1,Pembroke,0.462594,True,seat_belt,0.261854,False,Cardigan,0.151698,True
735256018284875776,8,10,3675,993,doggo,https://pbs.twimg.com/media/CjQnclkVEAA4pnK.jpg,1,Staffordshire_bullterrier,0.523191,True,French_bulldog,0.351104,True,doormat,0.0280753,False
733822306246479872,10,10,4015,1141,floofer,https://pbs.twimg.com/media/Ci8Pfg_UUAA2m9i.jpg,1,Lhasa,0.457356,True,Shih-Tzu,0.371282,True,Tibetan_terrier,0.048359,True
732375214819057664,11,10,8832,2838,doggo,https://pbs.twimg.com/media/CinrX2EWkAABDYt.jpg,1,tennis_ball,0.998673,False,basset,0.000547053,True,golden_retriever,0.00035998,True
730573383004487680,10,10,5407,2435,pupper,https://pbs.twimg.com/media/CiOEnI6WgAAmq4E.jpg,2,American_Staffordshire_terrier,0.810158,True,Labrador_retriever,0.058204999999999986,True,Weimaraner,0.027929500000000003,True
728015554473250816,11,10,4479,1219,pupper,https://pbs.twimg.com/media/ChpuRyvVAAARMoq.jpg,1,cocker_spaniel,0.384559,True,golden_retriever,0.091661,True,sandbar,0.0817989,False
727644517743104000,13,10,6431,1962,doggo,https://pbs.twimg.com/media/Chkc1BQUoAAa96R.jpg,2,Great_Pyrenees,0.457164,True,kuvasz,0.39171,True,Labrador_retriever,0.0945226,True
727524757080539137,10,10,4900,1379,pupper,https://pbs.twimg.com/media/Chiv6BAW4AAiQvH.jpg,2,Pomeranian,0.958834,True,Chihuahua,0.0240992,True,chow,0.00394105,True
727314416056803329,11,10,3623,834,pupper,https://pbs.twimg.com/media/Chfwmd9U4AQTf1b.jpg,2,toy_poodle,0.827469,True,miniature_poodle,0.16076,True,Tibetan_terrier,0.00173075,True
725786712245440512,11,10,4537,1527,pupper,https://pbs.twimg.com/media/ChKDKmIWIAIJP_e.jpg,1,chow,0.33576100000000003,True,Samoyed,0.167173,True,kuvasz,0.145715,True
724771698126512129,11,10,2593,725,doggo,https://pbs.twimg.com/media/Cg7n_-OU8AA5RR1.jpg,2,German_short-haired_pointer,0.835491,True,bluetick,0.058788,True,English_setter,0.0372083,True
724405726123311104,10,10,5800,1847,pupper,https://pbs.twimg.com/media/Cg2bKLAWwAA0WEm.jpg,1,golden_retriever,0.240695,True,cocker_spaniel,0.202444,True,feather_boa,0.159348,False
724004602748780546,11,10,4561,1790,pupper,https://pbs.twimg.com/media/CgwuWCeW4AAsgbD.jpg,3,Siamese_cat,0.950526,False,pug,0.0188769,True,quilt,0.007627600000000002,False
721001180231503872,11,10,2748,686,pupper,https://pbs.twimg.com/media/CgGCvxAUkAAx55r.jpg,1,Samoyed,0.950053,True,washbasin,0.00632139,False,tub,0.00624335,False
719991154352222208,10,10,5281,1979,doggo,https://pbs.twimg.com/media/Cf3sH62VAAA-LiP.jpg,2,golden_retriever,0.605304,True,cocker_spaniel,0.130948,True,Labrador_retriever,0.0946916,True
717009362452090881,10,10,3583,1102,pupper,https://pbs.twimg.com/media/CfNUNetW8AAekHx.jpg,1,Siberian_husky,0.506154,True,Eskimo_dog,0.269656,True,malamute,0.0606585,True
716080869887381504,11,10,5272,1935,doggo,https://pbs.twimg.com/media/CfAHv83UMAIEQYx.jpg,1,golden_retriever,0.638625,True,chow,0.254717,True,Tibetan_mastiff,0.0717317,True
711008018775851008,11,10,3275,710,pupper,https://pbs.twimg.com/media/Cd4CBQFW8AAY3ND.jpg,1,French_bulldog,0.731405,True,Boston_bull,0.150672,True,pug,0.0218109,True
710117014656950272,11,10,5999,2233,pupper,https://pbs.twimg.com/media/CdrXp9dWoAAcRfn.jpg,2,toy_poodle,0.802092,True,miniature_poodle,0.111647,True,cocker_spaniel,0.0628662,True
708845821941387268,9,10,3226,1015,pupper,https://pbs.twimg.com/media/CdZTgynWwAATZcx.jpg,1,schipperke,0.74564,True,kelpie,0.167853,True,Boston_bull,0.0147629,True
707411934438625280,11,10,2486,673,pupper,https://pbs.twimg.com/media/CdE7ZktXIAEiWLj.jpg,1,Lakeland_terrier,0.7382770000000001,True,Airedale,0.0285149,True,giant_schnauzer,0.0248763,True
707315916783140866,10,10,2698,727,pupper,https://pbs.twimg.com/media/CdDkEkHWwAAAeUJ.jpg,2,Bernese_mountain_dog,0.979235,True,Shetland_sheepdog,0.0110368,True,Appenzeller,0.00397111,True
706310011488698368,12,10,23443,9034,pupper,https://pbs.twimg.com/media/Cc1RNHLW4AACG6H.jpg,1,Pembroke,0.6981649999999999,True,Chihuahua,0.105834,True,bloodhound,0.0620304,True
705975130514706432,10,10,3397,842,pupper,https://pbs.twimg.com/media/CcwgjmuXIAEQoSd.jpg,1,Staffordshire_bullterrier,0.5877640000000001,True,American_Staffordshire_terrier,0.281429,True,bull_mastiff,0.0947981,True
705428427625635840,11,10,4188,1931,pupper,https://pbs.twimg.com/media/CcovaMUXIAApFDl.jpg,1,Chihuahua,0.774792,True,quilt,0.0730794,False,Pembroke,0.0223651,True
704761120771465216,13,10,7283,3257,pupper,https://pbs.twimg.com/media/CcfQgHVWoAAxauy.jpg,1,Siamese_cat,0.202294,False,Chihuahua,0.100418,True,basenji,0.07209650000000001,True
704347321748819968,10,10,1729,393,pupper,https://pbs.twimg.com/media/CcZYJniXEAAEJRF.jpg,1,teddy,0.23337800000000006,False,feather_boa,0.0884744,False,Brittany_spaniel,0.0829173,True
703611486317502464,10,10,4229,1709,pupper,https://pbs.twimg.com/media/CcO66OjXEAASXmH.jpg,1,Pembroke,0.756441,True,basenji,0.126621,True,Cardigan,0.08011669999999999,True
702598099714314240,11,10,11332,3712,pupper,https://pbs.twimg.com/media/CcAhPevW8AAoknv.jpg,1,kelpie,0.219179,True,badger,0.13358399999999998,False,Siamese_cat,0.07443999999999999,False
701545186879471618,10,10,2902,680,pupper,https://pbs.twimg.com/media/CbxjnyOWAAAWLUH.jpg,1,Border_collie,0.280893,True,Cardigan,0.11255,True,toy_terrier,0.0533172,True
700864154249383937,12,10,2828,685,pupper,https://pbs.twimg.com/media/Cbn4OqKWwAADGWt.jpg,1,kuvasz,0.8058569999999999,True,Great_Pyrenees,0.187272,True,Samoyed,0.0034909,True
700151421916807169,11,10,2450,754,pupper,https://pbs.twimg.com/media/CbdwATgWwAABGID.jpg,1,tennis_ball,0.328236,False,Italian_greyhound,0.17683800000000002,True,Staffordshire_bullterrier,0.13408,True
699801817392291840,11,10,3345,1088,pupper,https://pbs.twimg.com/media/CbYyCMcWIAAHHjF.jpg,2,golden_retriever,0.808978,True,Irish_setter,0.0424281,True,Labrador_retriever,0.0235364,True
699434518667751424,12,10,2384,577,pupper,https://pbs.twimg.com/media/CbTj--1XEAIZjc_.jpg,1,golden_retriever,0.836572,True,kuvasz,0.105946,True,Labrador_retriever,0.025143900000000004,True
699036661657767936,13,10,2863,1345,pupper,https://pbs.twimg.com/media/CbN6IW4UYAAyVDA.jpg,1,Chihuahua,0.222943,True,toyshop,0.179938,False,Weimaraner,0.16303299999999998,True
697616773278015490,11,10,3467,1144,pupper,https://pbs.twimg.com/media/Ca5uv7RVAAA_QEg.jpg,1,Lhasa,0.521931,True,Shih-Tzu,0.403451,True,Tibetan_terrier,0.0399122,True
697596423848730625,11,10,3306,1425,pupper,https://pbs.twimg.com/media/Ca5cPrJXIAImHtD.jpg,1,Shetland_sheepdog,0.621668,True,collie,0.366578,True,Pembroke,0.00769819,True
695095422348574720,12,10,2888,684,pupper,https://pbs.twimg.com/media/CaV5mRDXEAAR8iG.jpg,1,papillon,0.227784,True,Chihuahua,0.218128,True,Border_collie,0.0934574,True
695074328191332352,11,10,3116,1239,pupper,https://pbs.twimg.com/media/CaVmajOWYAA1uNG.jpg,1,Shih-Tzu,0.5101060000000001,True,Tibetan_terrier,0.0719809,True,Lhasa,0.069231,True
694329668942569472,9,10,2203,569,pupper,https://pbs.twimg.com/media/CaLBJmOWYAQt44t.jpg,1,boxer,0.99006,True,bull_mastiff,0.00743627,True,Saint_Bernard,0.00161729,True
693629975228977152,12,10,2685,894,pupper,https://pbs.twimg.com/media/CaBEx3SWEAILZpi.jpg,1,pug,0.841987,True,French_bulldog,0.06979110000000001,True,Boston_bull,0.0387199,True
693262851218264065,11,10,2459,568,pupper,https://pbs.twimg.com/media/CZ724fDUYAAytS-.jpg,1,golden_retriever,0.989333,True,Labrador_retriever,0.00794644,True,kuvasz,0.000748932,True
692905862751522816,10,10,2683,998,pupper,https://pbs.twimg.com/media/CZ2yNKhWEAA_7cb.jpg,1,Mexican_hairless,0.162638,True,Doberman,0.15628699999999998,True,Rhodesian_ridgeback,0.0814778,True
692828166163931137,12,10,3148,998,pupper,https://pbs.twimg.com/media/CZ1riVOWwAATfGf.jpg,1,Samoyed,0.985857,True,Arctic_fox,0.00785164,False,white_wolf,0.0032777,False
692752401762250755,13,10,7496,4124,pupper,https://pbs.twimg.com/tweet_video_thumb/CZ0mhduWkAICSGe.png,1,Samoyed,0.471276,True,Siberian_husky,0.15885,True,Eskimo_dog,0.138672,True
690015576308211712,12,10,2740,836,pupper,https://pbs.twimg.com/media/CZNtgWhWkAAbq3W.jpg,2,malamute,0.949609,True,Siberian_husky,0.0330837,True,Eskimo_dog,0.016662700000000003,True
689905486972461056,11,10,2651,787,pupper,https://pbs.twimg.com/media/CZMJYCRVAAE35Wk.jpg,4,Pomeranian,0.943331,True,Shetland_sheepdog,0.0236751,True,chow,0.00716495,True
689143371370250240,10,10,2232,579,pupper,https://pbs.twimg.com/media/CZBUO2UWsAAKehS.jpg,1,English_springer,0.303781,True,papillon,0.165132,True,Welsh_springer_spaniel,0.149051,True
688894073864884227,7,10,2462,792,pupper,https://pbs.twimg.com/media/CY9xf1dUAAE4XLc.jpg,1,hog,0.669996,False,guinea_pig,0.077347,False,hamster,0.0623982,False
688519176466644993,12,10,2520,825,pupper,https://pbs.twimg.com/media/CY4ciRFUMAAovos.jpg,1,Pembroke,0.696372,True,Cardigan,0.121052,True,Shetland_sheepdog,0.050592000000000005,True
687818504314159109,12,10,2758,1080,pupper,https://pbs.twimg.com/media/CYufR8_WQAAWCqo.jpg,1,Lakeland_terrier,0.873029,True,soft-coated_wheaten_terrier,0.0609242,True,toy_poodle,0.0170309,True
687704180304273409,9,10,2660,950,pupper,https://pbs.twimg.com/media/CYs3TKzUAAAF9A2.jpg,1,miniature_pinscher,0.956063,True,toy_terrier,0.0122306,True,Chihuahua,0.00539748,True
687476254459715584,11,10,2187,619,pupper,https://pbs.twimg.com/media/CYpoAZTWEAA6vDs.jpg,1,wood_rabbit,0.702725,False,Angora,0.190659,False,hare,0.105072,False
687312378585812992,7,10,4777,2146,pupper,https://pbs.twimg.com/media/CYnS9VWW8AAeR8m.jpg,1,seat_belt,0.703561,False,Great_Dane,0.139909,True,Weimaraner,0.0211125,True
687096057537363968,11,10,2449,695,pupper,https://pbs.twimg.com/media/CYkON6CVAAAPXAc.jpg,1,Labrador_retriever,0.417107,True,Chesapeake_Bay_retriever,0.34173000000000003,True,German_short-haired_pointer,0.177702,True
686683045143953408,11,10,3072,912,pupper,https://pbs.twimg.com/media/CYeWlh0WAAADhsj.jpg,1,Norwich_terrier,0.100499,True,cocker_spaniel,0.0806711,True,golden_retriever,0.0794062,True
686377065986265092,10,10,2433,637,pupper,https://pbs.twimg.com/media/CYaAS2kUoAINkye.jpg,1,German_shepherd,0.830816,True,Leonberg,0.0763252,True,bloodhound,0.0374486,True
686007916130873345,11,10,2704,472,pupper,https://pbs.twimg.com/media/CYUwjz-UAAEcdi8.jpg,1,Rhodesian_ridgeback,0.885301,True,redbone,0.0423354,True,seat_belt,0.010493,False
685943807276412928,8,10,1801,696,pupper,https://pbs.twimg.com/ext_tw_video_thumb/685943751555051520/pu/img/rlBvQWaFPUMx1MTi.jpg,1,papillon,0.200812,True,toy_terrier,0.114512,True,Cardigan,0.0945196,True
685667379192414208,9,10,2579,666,pupper,https://pbs.twimg.com/media/CYP62A6WkAAOnL4.jpg,1,sliding_door,0.344526,False,doormat,0.190027,False,washbasin,0.0463264,False
685307451701334016,11,10,2262,496,floofer,https://pbs.twimg.com/media/CYKzfTTWMAEeTN7.jpg,1,Pomeranian,0.963176,True,Shetland_sheepdog,0.0194683,True,keeshond,0.00860493,True
685268753634967552,10,10,3419,1371,pupper,https://pbs.twimg.com/media/CYKQS0xUQAEOptC.jpg,1,pug,0.999044,True,Norwegian_elkhound,0.000546586,True,bull_mastiff,0.000235195,True
685169283572338688,11,10,4489,1620,pupper,https://pbs.twimg.com/media/CYI10WhWsAAjzii.jpg,1,Bernese_mountain_dog,0.975096,True,Appenzeller,0.0145781,True,EntleBucher,0.00594348,True
683834909291606017,9,10,2880,1265,pupper,https://pbs.twimg.com/ext_tw_video_thumb/683834825250320385/pu/img/yZdrqMlyky4KGOu6.jpg,1,Maltese_dog,0.738449,True,toy_poodle,0.102992,True,Samoyed,0.0232472,True
683828599284170753,12,10,3053,1195,pupper,https://pbs.twimg.com/media/CX1ye7HUMAADDzh.jpg,1,malamute,0.577376,True,Siberian_husky,0.287131,True,Eskimo_dog,0.117563,True
683481228088049664,11,10,2878,1118,pupper,https://pbs.twimg.com/media/CXw2jSpWMAAad6V.jpg,1,keeshond,0.508951,True,chow,0.442016,True,German_shepherd,0.013206,True
683462770029932544,8,10,2676,761,pupper,https://pbs.twimg.com/media/CXwlw9MWsAAc-JB.jpg,1,Italian_greyhound,0.39956,True,whippet,0.26715300000000003,True,German_short-haired_pointer,0.0813191,True
683142553609318400,9,10,3162,1173,pupper,https://pbs.twimg.com/media/CXsChyjW8AQJ16C.jpg,1,Leonberg,0.605851,True,chow,0.18347,True,German_shepherd,0.0796619,True
683111407806746624,10,10,3736,1034,pupper,https://pbs.twimg.com/media/CXrmMSpUwAAdeRj.jpg,1,cocker_spaniel,0.901392,True,soft-coated_wheaten_terrier,0.0286048,True,miniature_schnauzer,0.0178054,True
683078886620553216,9,10,2176,634,pupper,https://pbs.twimg.com/media/CXrIntsUsAEkv0d.jpg,1,koala,0.141432,False,Eskimo_dog,0.0940442,True,wallaby,0.0852365,False
682406705142087680,7,10,8319,2019,pupper,https://pbs.twimg.com/media/CXhlRmRUMAIYoFO.jpg,1,wombat,0.709344,False,koala,0.169758,False,beaver,0.0794334,False
681891461017812993,10,10,2706,951,pupper,https://pbs.twimg.com/media/CXaQqGbWMAAKEgN.jpg,1,Chihuahua,0.20357,True,doormat,0.13431600000000002,False,toy_terrier,0.0844823,True
681694085539872773,11,10,14010,4581,pupper,https://pbs.twimg.com/media/CXXdJ7CVAAALu23.jpg,1,toy_poodle,0.920992,True,miniature_poodle,0.0608572,True,Maltese_dog,0.00606372,True
681654059175129088,12,10,2903,1045,pupper,https://pbs.twimg.com/media/CXW4wGHWsAE_eBD.jpg,1,Pomeranian,0.800538,True,chow,0.146892,True,Pekinese,0.0376125,True
681231109724700672,11,10,2629,540,pupper,https://pbs.twimg.com/media/CXQ4EwQWwAEVaUf.jpg,1,Irish_setter,0.406047,True,cocker_spaniel,0.345646,True,Airedale,0.147912,True
680836378243002368,12,10,3766,1513,pupper,https://pbs.twimg.com/media/CXLREjOW8AElfk6.jpg,3,Pembroke,0.427781,True,Shetland_sheepdog,0.160669,True,Pomeranian,0.11125,True
680473011644985345,10,10,2778,844,pupper,https://pbs.twimg.com/media/CXGGlzvWYAArPfk.jpg,1,Lakeland_terrier,0.796694,True,West_Highland_white_terrier,0.138709,True,Norwich_terrier,0.016253399999999998,True
680191257256136705,11,10,2356,577,pupper,https://pbs.twimg.com/media/CXCGVXyWsAAAVHE.jpg,1,Brittany_spaniel,0.7332529999999999,True,Welsh_springer_spaniel,0.251634,True,English_springer,0.00924321,True
680145970311643136,10,10,3955,1972,pupper,https://pbs.twimg.com/media/CXBdJxLUsAAWql2.jpg,1,miniature_poodle,0.457117,True,toy_poodle,0.226481,True,Maltese_dog,0.0676815,True
680100725817409536,11,10,3891,1554,pupper,https://pbs.twimg.com/media/CW-loUBWYAAn2Cb.jpg,1,golden_retriever,0.6989609999999999,True,chow,0.14597100000000002,True,Pomeranian,0.034888,True
679828447187857408,13,10,39726,15839,pupper,https://pbs.twimg.com/media/CW88XN4WsAAlo8r.jpg,3,Chihuahua,0.346545,True,dalmatian,0.166246,True,toy_terrier,0.117502,True
679777920601223168,10,10,3390,1281,pupper,https://pbs.twimg.com/media/CW8OYajUMAAPRoF.jpg,1,bloodhound,0.5288189999999999,True,bull_mastiff,0.420119,True,French_bulldog,0.00948059,True
678800283649069056,12,10,2810,1018,pupper,https://pbs.twimg.com/media/CWuVQSLW4AAI3w9.jpg,1,Labrador_retriever,0.213673,True,beagle,0.146235,True,Airedale,0.122701,True
678389028614488064,11,10,2044,473,pupper,https://pbs.twimg.com/media/CWofOHUWUAACGVa.jpg,1,miniature_pinscher,0.516284,True,kelpie,0.227402,True,vizsla,0.103246,True
678341075375947776,12,10,1896,612,pupper,https://pbs.twimg.com/media/CWnznDTU4AAa-6P.jpg,1,golden_retriever,0.853284,True,cocker_spaniel,0.0262298,True,Labrador_retriever,0.0241228,True
678278586130948096,10,10,12531,6857,pupper,https://pbs.twimg.com/media/CWm6xySUEAAqfFU.jpg,1,Maltese_dog,0.897841,True,Lhasa,0.0357175,True,Tibetan_terrier,0.017107499999999998,True
677557565589463040,10,10,2665,1322,pupper,https://pbs.twimg.com/media/CWcrAVQWEAA6QMp.jpg,1,seat_belt,0.27725700000000003,False,Shih-Tzu,0.249017,True,Pekinese,0.209213,True
677269281705472000,10,10,2164,790,pupper,https://pbs.twimg.com/media/CWYk0WxWoAAEwRt.jpg,1,Shetland_sheepdog,0.656616,True,collie,0.195405,True,German_shepherd,0.0131032,True
676936541936185344,8,10,13809,5515,pupper,https://pbs.twimg.com/media/CWT2MUgWIAECWig.jpg,1,Chesapeake_Bay_retriever,0.5452859999999999,True,Norwegian_elkhound,0.081482,True,space_heater,0.0473911,False
676617503762681856,13,10,3149,1108,pupper,https://pbs.twimg.com/media/CWPUB9TWwAALPPx.jpg,1,Chihuahua,0.841084,True,Pomeranian,0.12053,True,Pekinese,0.00660034,True
676603393314578432,9,10,1280,440,pupper,https://pbs.twimg.com/media/CWPHMqKVAAAE78E.jpg,1,whippet,0.8770209999999999,True,Great_Dane,0.0341819,True,boxer,0.028404,True
676575501977128964,8,10,2807,1254,pupper,https://pbs.twimg.com/media/CWOt07EUsAAnOYW.jpg,1,feather_boa,0.424106,False,Yorkshire_terrier,0.0731443,True,Shetland_sheepdog,0.0575976,True
676470639084101634,11,10,12616,5224,pupper,https://pbs.twimg.com/media/CWNOdIpWoAAWid2.jpg,1,golden_retriever,0.7903859999999999,True,borzoi,0.0228851,True,dingo,0.0153434,False
676263575653122048,10,10,2243,609,pupper,https://pbs.twimg.com/media/CWKSIfUUYAAiOBO.jpg,1,teddy,0.0982826,False,toy_poodle,0.0980293,True,shopping_basket,0.07785210000000001,False
675898130735476737,10,10,1774,653,pupper,https://pbs.twimg.com/media/CWFFt3_XIAArIYK.jpg,1,Labrador_retriever,0.40743,True,malinois,0.0770367,True,pug,0.0745973,True
675845657354215424,10,10,2477,1000,pupper,https://pbs.twimg.com/media/CWEWClfW4AAnqhG.jpg,1,pug,0.8839520000000001,True,Boston_bull,0.0110568,True,French_bulldog,0.00983981,True
675740360753160193,12,10,1257,388,pupper,https://pbs.twimg.com/ext_tw_video_thumb/675740268751138818/pu/img/dVaVeFAVT-lk_1ZV.jpg,1,golden_retriever,0.800495,True,kuvasz,0.0977564,True,Saluki,0.0684146,True
675334060156301312,12,10,3007,1436,pupper,https://pbs.twimg.com/media/CV9EvZNUwAAgLCK.jpg,2,Pembroke,0.773135,True,Cardigan,0.11681,True,chow,0.0390362,True
675006312288268288,10,10,1057,252,pupper,https://pbs.twimg.com/media/CV4aqCwWsAIi3OP.jpg,1,boxer,0.654697,True,space_heater,0.043388800000000005,False,beagle,0.0428476,True
674774481756377088,11,10,1213,532,pupper,https://pbs.twimg.com/media/CV1HztsWoAAuZwo.jpg,1,Chihuahua,0.407016,True,French_bulldog,0.30997800000000003,True,Siamese_cat,0.227677,False
674737130913071104,10,10,693,103,pupper,https://pbs.twimg.com/media/CV0l10AU8AAfg-a.jpg,1,Pomeranian,0.948537,True,schipperke,0.0143099,True,Chihuahua,0.00812024,True
674638615994089473,12,10,1806,650,pupper,https://pbs.twimg.com/media/CVzMPh1UsAELQ_p.jpg,1,Pomeranian,0.846986,True,chow,0.142014,True,keeshond,0.00260504,True
674447403907457024,10,10,1137,393,pupper,https://pbs.twimg.com/media/CVweVUfW4AACPwI.jpg,1,Brabancon_griffon,0.409909,True,malinois,0.244649,True,bull_mastiff,0.07481950000000001,True
674262580978937856,9,10,1391,498,pupper,https://pbs.twimg.com/media/CVt2PawWIAEUkqW.jpg,1,Greater_Swiss_Mountain_dog,0.519428,True,boxer,0.1215,True,Staffordshire_bullterrier,0.114498,True
674038233588723717,12,10,1176,456,pupper,https://pbs.twimg.com/media/CVqqMtiVEAEye_L.jpg,1,Eskimo_dog,0.358459,True,Norwegian_elkhound,0.206963,True,malamute,0.14823599999999998,True
673956914389192708,10,10,2091,1069,pupper,https://pbs.twimg.com/media/CVpgPGwWoAEV7gG.jpg,1,pug,0.5861609999999999,True,Brabancon_griffon,0.0827437,True,Chihuahua,0.0458777,True
673707060090052608,10,10,1177,434,pupper,https://pbs.twimg.com/media/CVl8_EPWoAAcuSC.jpg,1,German_short-haired_pointer,0.935771,True,kelpie,0.022561,True,Labrador_retriever,0.00884665,True
673656262056419329,10,10,769,265,pupper,https://pbs.twimg.com/media/CVlOy3pW4AQ9H1K.jpg,1,bull_mastiff,0.700625,True,Rhodesian_ridgeback,0.0946977,True,Brabancon_griffon,0.0575594,True
673295268553605120,8,10,8046,3484,pupper,https://pbs.twimg.com/media/CVgGc9hWIAIe1bn.jpg,1,golden_retriever,0.889241,True,Labrador_retriever,0.06468330000000001,True,Great_Pyrenees,0.0126126,True
673148804208660480,8,10,1822,688,pupper,https://pbs.twimg.com/media/CVeBQwiUsAAqhLw.jpg,1,tub,0.8730100000000001,False,bathtub,0.0914341,False,toilet_seat,0.0254563,False
672988786805112832,10,10,1039,314,pupper,https://pbs.twimg.com/media/CVbvjKqW4AA_CuD.jpg,1,Lakeland_terrier,0.8366319999999999,True,West_Highland_white_terrier,0.07389960000000001,True,wire-haired_fox_terrier,0.0381601,True
672975131468300288,10,10,1813,1015,pupper,https://pbs.twimg.com/media/CVbjRSIWsAElw2s.jpg,1,pug,0.8364209999999999,True,Brabancon_griffon,0.044667800000000014,True,French_bulldog,0.0365705,True
672594978741354496,9,10,1411,661,pupper,https://pbs.twimg.com/media/CVWJkJXWsAInlZl.jpg,1,Great_Pyrenees,0.755945,True,Old_English_sheepdog,0.0823368,True,Afghan_hound,0.0270366,True
672481316919734272,12,10,757,137,pupper,https://pbs.twimg.com/media/CVUiMUeW4AEQgkU.jpg,1,Border_collie,0.599454,True,collie,0.106227,True,Shetland_sheepdog,0.0944649,True
672254177670729728,11,10,1515,800,pupper,https://pbs.twimg.com/media/CVRTmz1WcAA4uMF.jpg,1,pug,0.979487,True,French_bulldog,0.0168504,True,Norwegian_elkhound,0.00161754,True
672160042234327040,8,10,918,395,pupper,https://pbs.twimg.com/media/CVP9_beUEAAwURR.jpg,1,pug,0.561027,True,French_bulldog,0.222114,True,Labrador_retriever,0.0654556,True
